{"count":1,"self":669.39755519999994,"total":1247.3010287,"children":{"InitializeActuators":{"count":1,"self":0.0040006,"total":0.0040006,"children":null},"InitializeSensors":{"count":1,"self":0.0020017999999999998,"total":0.0020017999999999998,"children":null},"AgentSendState":{"count":50417,"self":0.45930129999999997,"total":1.029868,"children":{"CollectObservations":{"count":10203,"self":0.112368,"total":0.112368,"children":null},"WriteActionMask":{"count":10203,"self":0.020566499999999998,"total":0.020566499999999998,"children":null},"RequestDecision":{"count":10203,"self":0.1167454,"total":0.43763219999999997,"children":{"AgentInfo.ToProto":{"count":10203,"self":0.1340324,"total":0.32088679999999997,"children":{"GenerateSensorData":{"count":10203,"self":0.1868544,"total":0.1868544,"children":null}}}}}}},"DecideAction":{"count":50417,"self":575.7741568,"total":575.77413159999992,"children":null},"AgentAct":{"count":50417,"self":1.0784738999999999,"total":1.0854819,"children":{"AgentInfo.ToProto":{"count":288,"self":0.0040032,"total":0.0070079999999999995,"children":{"GenerateSensorData":{"count":288,"self":0.0030047999999999997,"total":0.0030047999999999997,"children":null}}}}}},"gauges":{"3DBall.CumulativeReward":{"count":288,"max":100.099045,"min":0.100000165,"runningAverage":2.43332648,"value":100.099045,"weightedAverage":48.6327553}},"metadata":{"timer_format_version":"0.1.0","start_time_seconds":"1717394283","unity_version":"2022.3.19f1","command_line_arguments":"C:\\Users\\minna\\Documents\\UCR Docs\\Course Materials\\CS258 IRL\\UnityML-Agents\\ml-agents-release_21\\ml-agents\\mlagents\\envs\\Ball\\Ball.exe --mlagents-port 5005","communication_protocol_version":"1.5.0","com.unity.ml-agents_version":"3.0.0-exp.1","scene_name":"3DBall","end_time_seconds":"1717395530"}}